New url,Old url
https://petrosanattaraz.com/fa/reaction-control-reactor,https://petrosanattaraz.com/fa/%da%a9%d9%86%d8%aa%d8%b1%d9%84-%d9%88%d8%a7%da%a9%d9%86%d8%b4-%d8%af%d8%b1-%d8%b1%d8%a7%da%a9%d8%aa%d9%88%d8%b1-%d8%a8%d9%84%d8%a7%da%af/
https://petrosanattaraz.com/fa/reactor-accessories,https://petrosanattaraz.com/fa/%d9%85%d8%aa%d8%b9%d9%84%d9%82%d8%a7%d8%aa-%d8%b1%d8%a7%da%a9%d8%aa%d9%88%d8%b1-%d8%a8%d9%84%d8%a7%da%af/
https://petrosanattaraz.com/fa/autoclave-design-manufacture-installation,https://petrosanattaraz.com/fa/%d8%a7%d8%aa%d9%88%da%a9%d9%84%d8%a7%d9%88%d8%9b-%d8%b7%d8%b1%d8%a7%d8%ad%db%8c%d8%8c-%d8%b3%d8%a7%d8%ae%d8%aa%d8%8c-%d9%86%d8%b5%d8%a8-%d9%88-%d8%b1%d8%a7%d9%87%e2%80%8c%d8%a7%d9%86%d8%af%d8%a7%d8%b1/
https://petrosanattaraz.com/fa/autoclave-components,https://petrosanattaraz.com/fa/%d8%a7%d8%ac%d8%b2%d8%a7%db%8c-%d8%a7%d8%aa%d9%88%da%a9%d9%84%d8%a7%d9%88-%d8%a8%d9%84%d8%a7%da%af/
https://petrosanattaraz.com/fa/reactor-temperature,https://petrosanattaraz.com/fa/%d8%af%d9%85%d8%a7-%d8%af%d8%b1-%d8%b1%d8%a7%da%a9%d8%aa%d9%88%d8%b1-%d8%a8%d9%84%d8%a7%da%af/
https://petrosanattaraz.com/fa/reactor-structure,https://petrosanattaraz.com/fa/%d8%b3%d8%a7%d8%b2%d9%87-%d8%b1%d8%a7%da%a9%d8%aa%d9%88%d8%b1-%d8%a8%d9%84%d8%a7%da%af/
https://petrosanattaraz.com/fa/types-of-heat-exchangers,https://petrosanattaraz.com/fa/%d8%a7%d9%86%d9%88%d8%a7%d8%b9-%d9%85%d8%a8%d8%af%d9%84%e2%80%8c-%d8%ad%d8%b1%d8%a7%d8%b1%d8%aa%db%8c/
https://petrosanattaraz.com/fa/ambient-air-vaporizer,https://petrosanattaraz.com/fa/%d9%88%d9%be%d9%88%d8%b1%d8%a7%db%8c%d8%b2%d8%b1-%d8%a8%d8%a7-%d9%87%d9%88%d8%a7%db%8c-%d9%85%d8%ad%db%8c%d8%b7/
https://petrosanattaraz.com/fa/magnetic-coupling-design,https://petrosanattaraz.com/fa/%d8%b7%d8%b1%d8%a7%d8%ad%db%8c-%da%a9%d9%88%d9%be%d9%84%db%8c%d9%86%da%af-%d9%85%d8%ba%d9%86%d8%a7%d8%b7%db%8c%d8%b3%db%8c/
https://petrosanattaraz.com/fa/cryogenic-tank,https://petrosanattaraz.com/fa/%d9%85%d8%ae%d8%a7%d8%b2%d9%86-%da%a9%d8%b1%d8%a7%db%8c%d9%88%da%98%d9%86%db%8c%da%a9/
https://petrosanattaraz.com/fa/medical-waste-autoclave,https://petrosanattaraz.com/fa/%d8%a7%d8%aa%d9%88%da%a9%d9%84%d8%a7%d9%88-%d9%87%d8%a7%db%8c-%d8%a8%db%8c%d9%85%d8%a7%d8%b1%d8%b3%d8%aa%d8%a7%d9%86%db%8c/
https://petrosanattaraz.com/fa/composite-material-autoclave,https://petrosanattaraz.com/fa/%d8%af%d8%b3%d8%aa%da%af%d8%a7%d9%87-%d8%a7%d8%aa%d9%88%da%a9%d9%84%d8%a7%d9%88-%d9%85%d9%88%d8%a7%d8%af-%da%a9%d8%a7%d9%85%d9%be%d9%88%d8%b2%db%8c%d8%aa/
https://petrosanattaraz.com/fa/glass-industry-autoclave,https://petrosanattaraz.com/fa/%d8%a7%d8%aa%d9%88%da%a9%d9%84%d8%a7%d9%88-%d8%b5%d9%86%d8%b9%d8%aa-%d8%b4%db%8c%d8%b4%d9%87/
https://petrosanattaraz.com/fa/concrete-processing-autoclave,https://petrosanattaraz.com/fa/%d8%a7%d8%aa%d9%88%da%a9%d9%84%d8%a7%d9%88-%d9%81%d8%b1%d8%a2%d9%88%d8%b1%db%8c-%d8%a8%d8%aa%d9%86/
https://petrosanattaraz.com/fa/fixed-bed-reactor,https://petrosanattaraz.com/fa/%d8%b1%d8%a2%da%a9%d8%aa%d9%88%d8%b1-%d8%a8%d8%b3%d8%aa%d8%b1-%d8%ab%d8%a7%d8%a8%d8%aa/
https://petrosanattaraz.com/fa/fluidized-bed-reactor,https://petrosanattaraz.com/fa/%d8%b1%d8%a7%da%a9%d8%aa%d9%88%d8%b1-%d8%a8%d8%b3%d8%aa%d8%b1-%d8%b3%db%8c%d8%a7%d9%84/
https://petrosanattaraz.com/fa/pressure-vessel-construction,https://petrosanattaraz.com/fa/%d8%b3%d8%a7%d8%ae%d8%aa-%d9%85%d8%ae%d8%a7%d8%b2%d9%86-%d8%aa%d8%ad%d8%aa-%d9%81%d8%b4%d8%a7%d8%b1/
https://petrosanattaraz.com/fa/pressure-vessel-application,https://petrosanattaraz.com/fa/%da%a9%d8%a7%d8%b1%d8%a8%d8%b1%d8%af-%d9%85%d8%ae%d8%a7%d8%b2%d9%86-%d8%aa%d8%ad%d8%aa-%d9%81%d8%b4%d8%a7%d8%b1/
https://petrosanattaraz.com/fa/oil-gas-pressure-vessel-construction,https://petrosanattaraz.com/fa/%d8%b3%d8%a7%d8%ae%d8%aa-%d9%85%d8%ae%d8%a7%d8%b2%d9%86-%d8%aa%d8%ad%d8%aa-%d9%81%d8%b4%d8%a7%d8%b1-%d9%86%d9%81%d8%aa-%d9%88-%da%af%d8%a7%d8%b2-%d9%85%d9%88%d8%b1%d8%af-%d8%a7%d8%b3%d8%aa%d9%81%d8%a7/
https://petrosanattaraz.com/fa/laboratory-reactor-condenser,https://petrosanattaraz.com/fa/%d9%86%d9%82%d8%b4-%da%a9%d9%86%d8%af%d8%a7%d9%86%d8%b3%d9%88%d8%b1-%d8%af%d8%b1-%d8%b1%d8%a7%da%a9%d8%aa%d9%88%d8%b1%d9%87%d8%a7%db%8c-%d8%a2%d8%b2%d9%85%d8%a7%db%8c%d8%b4%da%af%d8%a7%d9%87%db%8c/
https://petrosanattaraz.com/fa/industrial-autoclave-manufacturing,https://petrosanattaraz.com/fa/%d8%b3%d8%a7%d8%ae%d8%aa-%d8%a7%d8%aa%d9%88%da%a9%d9%84%d8%a7%d9%88-%d8%b5%d9%86%d8%b9%d8%aa%db%8c-%d8%af%d8%b1-%da%a9%d8%a7%d8%b1%da%af%d8%a7%d9%87-%d8%aa%d9%88%d9%84%db%8c%d8%af/
https://petrosanattaraz.com/fa/self-locking-industrial-autoclave,https://petrosanattaraz.com/fa/%d8%af%d8%b1%d8%a8-%d8%ae%d9%88%d8%af-%d9%82%d9%81%d9%84-%d8%b4%d9%88%d9%86%d8%af%d9%87-%d8%a7%d8%aa%d9%88%da%a9%d9%84%d8%a7%d9%88-%d8%b5%d9%86%d8%b9%d8%aa%db%8c/
https://petrosanattaraz.com/fa/double-wall-steel-reactor,https://petrosanattaraz.com/fa/%d8%b3%d8%a7%d8%ae%d8%aa-%d8%b1%d8%a7%da%a9%d8%aa%d9%88%d8%b1-%d8%af%d9%88%d8%ac%d8%af%d8%a7%d8%b1%d9%87-%d9%81%d9%88%d9%84%d8%a7%d8%af%db%8c/
https://petrosanattaraz.com/fa/advanced-reactor-manufacturing,https://petrosanattaraz.com/fa/%d8%b3%d8%a7%d8%ae%d8%aa-%d8%b1%d8%a7%da%a9%d8%aa%d9%88%d8%b1-%d9%be%db%8c%d8%b4%d8%b1%d9%81%d8%aa%d9%87-%d8%af%d8%b1-%da%a9%d8%a7%d8%b1%da%af%d8%a7%d9%87/
https://petrosanattaraz.com/fa/safety-tests-inspections,https://petrosanattaraz.com/fa/%d8%aa%d8%b3%d8%aa-%d9%87%d8%a7%d8%8c-%d8%a8%d8%a7%d8%b2%d8%b1%d8%b3%db%8c-%d9%87%d8%a7-%d9%88-%d8%a7%d8%b3%d8%aa%d8%a7%d9%86%d8%af%d8%a7%d8%b1%d8%af-%d9%87%d8%a7%db%8c-%d8%a7%db%8c%d9%85%d9%86%db%8c/
https://petrosanattaraz.com/fa/autoclave-lining-coating,https://petrosanattaraz.com/fa/%d8%a2%d8%b3%d8%aa%d8%b1-%d9%88-%d8%b1%d9%88%da%a9%d8%b4-%d8%af%d8%a7%d8%ae%d9%84-%d9%88-%d8%ae%d8%a7%d8%b1%d8%ac-%d8%a7%d8%aa%d9%88%da%a9%d9%84%d8%a7%d9%88/
https://petrosanattaraz.com/fa/autoclave-joints-flanges,https://petrosanattaraz.com/fa/%d8%ac%d9%88%d8%b4%da%a9%d8%a7%d8%b1%db%8c-%d8%a7%d8%aa%d8%b5%d8%a7%d9%84%d8%a7%d8%aa-%d9%88-%d9%81%d9%84%d9%86%d8%ac-%d9%87%d8%a7%db%8c-%d8%a7%d8%aa%d9%88%da%a9%d9%84%d8%a7%d9%88/
https://petrosanattaraz.com/fa/tank-rolling-bending-cutting,https://petrosanattaraz.com/fa/%d8%aa%d8%ac%d9%87%db%8c%d8%b2%d8%a7%d8%aa-%d9%86%d9%88%d8%b1%d8%af%d8%8c-%d8%ae%d9%85-%da%a9%d8%a7%d8%b1%db%8c-%d9%88-%d8%a8%d8%b1%d8%b4-%d9%82%d8%b3%d9%85%d8%aa-%d9%87%d8%a7%db%8c-%d9%85%d8%ae%d8%aa/
https://petrosanattaraz.com/fa/heat-exchanger-manufacturing,https://petrosanattaraz.com/fa/%d8%b3%d8%a7%d8%ae%d8%aa-%d9%85%d8%a8%d8%af%d9%84-%d9%87%d8%a7%db%8c-%d8%ad%d8%b1%d8%a7%d8%b1%d8%aa%db%8c/
https://petrosanattaraz.com/fa/heat-exchangers-power-refinery,https://petrosanattaraz.com/fa/%d9%85%d8%a8%d8%af%d9%84-%d9%87%d8%a7%db%8c-%d8%ad%d8%b1%d8%a7%d8%b1%d8%aa%db%8c-%d8%af%d8%b1-%d9%86%db%8c%d8%b1%d9%88%da%af%d8%a7%d9%87-%d9%87%d8%a7%d8%8c-%d9%be%d8%a7%d9%84%d8%a7%db%8c%d8%b4%da%af/
https://petrosanattaraz.com/fa/heat-exchanger-tube-bundle,https://petrosanattaraz.com/fa/%d8%b3%d8%a7%d8%ae%d8%aa-%d8%b4%d8%a8%da%a9%d9%87-%d9%84%d9%88%d9%84%d9%87-%d9%85%d8%a8%d8%af%d9%84-%d8%ad%d8%b1%d8%a7%d8%b1%d8%aa%db%8c/
https://petrosanattaraz.com/fa/pressure-vessel-installation,https://petrosanattaraz.com/fa/%d8%b3%d8%a7%d8%ae%d8%aa-%d9%88-%d9%86%d8%b5%d8%a8-%d8%a7%d9%86%d9%88%d8%a7%d8%b9-%d9%85%d8%ae%d8%a7%d8%b2%d9%86-%d8%aa%d8%ad%d8%aa-%d9%81%d8%b4%d8%a7%d8%b1-%d8%af%d8%b1-%d8%b4%d8%b1%da%a9%d8%aa/
https://petrosanattaraz.com/fa/spherical-steel-pressure-vessel,https://petrosanattaraz.com/fa/%d9%85%d8%ae%d8%a7%d8%b2%d9%86-%d8%aa%d8%ad%d8%aa-%d9%81%d8%b4%d8%a7%d8%b1-%da%a9%d8%b1%d9%88%db%8c-%d9%81%d9%88%d9%84%d8%a7%d8%af%db%8c/
https://petrosanattaraz.com/fa/power-plant-heat-exchanger,https://petrosanattaraz.com/fa/%d8%b3%d8%a7%d8%ae%d8%aa-%d9%85%d8%a8%d8%af%d9%84-%d9%87%d8%a7%db%8c-%d8%ad%d8%b1%d8%a7%d8%b1%d8%aa%db%8c-%d9%86%db%8c%d8%b1%d9%88%da%af%d8%a7%d9%87-%d9%87%d8%a7%db%8c-%d8%a8%d8%b1%d9%82/
https://petrosanattaraz.com/fa/heat-exchanger-design-manufacturing,https://petrosanattaraz.com/fa/%d8%b7%d8%b1%d8%a7%d8%ad%db%8c%d8%8c-%d8%b3%d8%a7%d8%ae%d8%aa-%d9%88-%d9%82%db%8c%d9%85%d8%aa-%da%af%d8%b0%d8%a7%d8%b1%db%8c-%d8%a7%d9%86%d9%88%d8%a7%d8%b9-%d9%85%d8%a8%d8%af%d9%84-%d9%87%d8%a7%db%8c/
https://petrosanattaraz.com/fa/types-of-fermenters,https://petrosanattaraz.com/fa/%d8%a7%d9%86%d9%88%d8%a7%d8%b9-%d9%81%d8%b1%d9%85%d8%a7%d9%86%d8%aa%d9%88%d8%b1/
https://petrosanattaraz.com/fa/non-destructive-testing-pressure-vessel,https://petrosanattaraz.com/fa/%d8%a2%d8%b2%d9%85%d9%88%d9%86%d9%87%d8%a7%db%8c-%d8%ba%db%8c%d8%b1-%d9%85%d8%ae%d8%b1%d8%a8-%d9%85%d8%ae%d8%a7%d8%b2%d9%86-%d8%aa%d8%ad%d8%aa-%d9%81%d8%b4%d8%a7%d8%b1/
https://petrosanattaraz.com/fa/fermenter-design,https://petrosanattaraz.com/fa/%d8%b7%d8%b1%d8%a7%d8%ad%db%8c-%d9%81%d8%b1%d9%85%d8%a7%d9%86%d8%aa%d9%88%d8%b1/
https://petrosanattaraz.com/fa/pressure-vessel-design-codes,https://petrosanattaraz.com/fa/%da%a9%d8%af%d9%87%d8%a7%db%8c-%d8%b7%d8%b1%d8%a7%d8%ad%db%8c-%d9%85%d8%ae%d8%a7%d8%b2%d9%86-%d8%aa%d8%ad%d8%aa-%d9%81%d8%b4%d8%a7%d8%b1/
https://petrosanattaraz.com/fa/magnetic-coupling-design-manufacturing,https://petrosanattaraz.com/fa/%d8%b7%d8%b1%d8%a7%d8%ad%db%8c-%d9%88-%d8%b3%d8%a7%d8%ae%d8%aa-%da%a9%d9%88%d9%be%d9%84%db%8c%d9%86%da%af-%d9%85%d8%ba%d9%86%d8%a7%d8%b7%db%8c%d8%b3%db%8c%ef%bf%bc/
https://petrosanattaraz.com/fa/magnetic-coupling-industrial-application,https://petrosanattaraz.com/fa/%da%a9%d8%a7%d8%b1%d8%a8%d8%b1%d8%af-%da%a9%d9%88%d9%be%d9%84%db%8c%d9%86%da%af-%d9%85%d8%ba%d9%86%d8%a7%d8%b7%db%8c%d8%b3%db%8c-%d8%af%d8%b1-%d8%aa%d8%ac%d9%87%db%8c%d8%b2%d8%a7%d8%aa-%d8%b5%d9%86/
https://petrosanattaraz.com/fa/laminated-glass-composite-autoclave,https://petrosanattaraz.com/fa/%d8%b3%d8%a7%d8%ae%d8%aa-%d8%a7%d8%aa%d9%88%da%a9%d9%84%d8%a7%d9%88-%d8%b4%db%8c%d8%b4%d9%87-%d9%84%d9%85%db%8c%d9%86%d8%aa-%d9%88-%da%a9%d8%a7%d9%85%d9%be%d9%88%d8%b2%db%8c%d8%aa-%d8%af%d8%b1-%d8%b4/
https://petrosanattaraz.com/fa/magnetic-coupling-processing-calibration,https://petrosanattaraz.com/fa/%d9%81%d8%b1%d9%88%d8%b4-%d9%88-%d9%82%db%8c%d9%85%d8%aa-%d8%b1%d9%88%d8%b2-%d8%a7%d9%86%d9%88%d8%a7%d8%b9-%da%a9%d9%88%d9%be%d9%84%db%8c%d9%86%da%af-%d9%87%d8%a7%db%8c-%d9%85%d8%ba%d9%86%d8%a7%d8%b7/
https://petrosanattaraz.com/fa/reactor-loading-installation,https://petrosanattaraz.com/fa/%d8%a8%d8%a7%d8%b1%da%af%db%8c%d8%b1%db%8c-%d9%88-%d9%86%d8%b5%d8%a8-%d8%b1%d8%a7%da%a9%d8%aa%d9%88%d8%b1-%d8%af%d8%b1-%d9%85%d8%ad%d9%84/
https://petrosanattaraz.com/fa/bio-reactor-fermenter-application,https://petrosanattaraz.com/fa/%d9%81%d8%b1%d9%85%d8%a7%d9%86%d8%aa%d9%88%d8%b1-%d8%a8%db%8c%d9%88-%d8%b1%d8%a7%da%a9%d8%aa%d9%88%d8%b1-%da%86%db%8c%d8%b3%d8%aa-%d9%88-%da%86%d9%87-%da%a9%d8%a7%d8%b1%d8%a8%d8%b1%d8%af%d9%87%d8%a7/
https://petrosanattaraz.com/fa/fermenter-manufacturing-steps,https://petrosanattaraz.com/fa/%d9%85%d8%b1%d8%a7%d8%ad%d9%84-%d8%b3%d8%a7%d8%ae%d8%aa-%d9%81%d8%b1%d9%85%d8%a7%d9%86%d8%aa%d9%88%d8%b1/
https://petrosanattaraz.com/fa/bio-reactor-fermenter-components,https://petrosanattaraz.com/fa/%d9%82%d8%b3%d9%85%d8%aa-%d9%87%d8%a7%db%8c-%d9%85%d8%ae%d8%aa%d9%84%d9%81-%db%8c%da%a9-%d9%81%d8%b1%d9%85%d8%a7%d9%86%d8%aa%d9%88%d8%b1-%db%8c%d8%a7-%d8%a8%db%8c%d9%88%d8%b1%d8%a7%da%a9%d8%aa%d9%88/
https://petrosanattaraz.com/fa/chemical-industry-reactor-fabrication,https://petrosanattaraz.com/fa/%da%a9%d8%a7%d8%b1%da%af%d8%a7%d9%87-%d8%b3%d8%a7%d8%ae%d8%aa-%d9%88-%d8%aa%d9%88%d9%84%db%8c%d8%af-%d8%b1%d8%a7%da%a9%d8%aa%d9%88%d8%b1-%d9%87%d8%a7%db%8c-%d8%b5%d9%86%d8%a7%db%8c%d8%b9-%d8%b4%db%8c/
https://petrosanattaraz.com/fa/fermenter-finalization-loading-shipping,https://petrosanattaraz.com/fa/%d8%a7%d8%aa%d9%85%d8%a7%d9%85-%da%a9%d8%a7%d8%b1-%d8%b3%d8%a7%d8%ae%d8%aa-%d9%81%d8%b1%d9%85%d8%a7%d9%86%d8%aa%d9%88%d8%b1-%d9%88-%d8%a8%d8%a7%d8%b1%da%af%db%8c%d8%b1%db%8c-%d9%88-%d8%a7%d8%b1%d8%b3/
https://petrosanattaraz.com/fa/aircraft-composite-body-autoclave,https://petrosanattaraz.com/fa/%d8%a7%d8%aa%d9%88%da%a9%d9%84%d8%a7%d9%88-%d8%b3%d8%a7%d8%ae%d8%aa-%d8%a8%d8%af%d9%86%d9%87-%da%a9%d8%a7%d9%85%d9%be%d9%88%d8%b2%db%8c%d8%aa-%d9%87%d9%88%d8%a7%d9%be%db%8c%d9%85%d8%a7/
https://petrosanattaraz.com/fa/pilot-lab-reactor-completion,https://petrosanattaraz.com/fa/%d8%aa%da%a9%d9%85%db%8c%d9%84-%da%a9%d8%a7%d8%b1-%d8%b3%d8%a7%d8%ae%d8%aa-%d8%b1%d8%a7%da%a9%d8%aa%d9%88%d8%b1-%d9%be%d8%a7%db%8c%d9%84%d9%88%d8%aa-%d8%a2%d8%b2%d9%85%d8%a7%db%8c%d8%b4%da%af%d8%a7/
https://petrosanattaraz.com/fa/steel-structure-fabrication,https://petrosanattaraz.com/fa/%d8%b3%d8%a7%d8%ae%d8%aa-%d8%a7%d9%86%d9%88%d8%a7%d8%b9-%d8%b3%d8%a7%d8%b2%d9%87-%d9%87%d8%a7%db%8c-%d9%81%d9%88%d9%84%d8%a7%d8%af%db%8c/
https://petrosanattaraz.com/fa/pressure-vessel-welding-workshop,https://petrosanattaraz.com/fa/%da%a9%d8%a7%d8%b1%da%af%d8%a7%d9%87-%d8%ac%d9%88%d8%b4%da%a9%d8%a7%d8%b1%db%8c-%d9%85%d8%ae%d8%a7%d8%b2%d9%86-%d8%aa%d8%ad%d8%aa-%d9%81%d8%b4%d8%a7%d8%b1/
https://petrosanattaraz.com/fa/smart-autoclaves-iron-industry,https://petrosanattaraz.com/fa/%da%a9%d8%a7%d8%b1%d8%a8%d8%b1%d8%af-%d8%a7%d8%aa%d9%88%da%a9%d9%84%d8%a7%d9%88-%d9%87%d8%a7%db%8c-%d9%87%d9%88%d8%b4%d9%85%d9%86%d8%af-%d8%af%d8%b1-%d8%b5%d9%86%d8%a7%db%8c%d8%b9-%d8%a7%d8%aa%d9%88/
https://petrosanattaraz.com/fa/glass-safety-autoclave,https://petrosanattaraz.com/fa/%d8%a7%d8%aa%d9%88%da%a9%d9%84%d8%a7%d9%88-%d8%b4%db%8c%d8%b4%d9%87-%d8%a7%db%8c%d9%85%d9%86%db%8c-%d8%ae%d9%88%d8%af%d8%b1%d9%88/
https://petrosanattaraz.com/fa/composite-car-parts-manufacturing,https://petrosanattaraz.com/fa/%d8%aa%d9%88%d9%84%db%8c%d8%af-%d9%82%d8%b7%d8%b9%d8%a7%d8%aa-%da%a9%d8%a7%d9%85%d9%be%d9%88%d8%b2%db%8c%d8%aa%db%8c-%d8%ae%d9%88%d8%af%d8%b1%d9%88-%d8%a8%d8%a7-%d8%af%d8%b3%d8%aa%da%af%d8%a7%d9%87/
https://petrosanattaraz.com/fa/industrial-autoclave-material-processing,https://petrosanattaraz.com/fa/%d9%86%d9%82%d8%b4-%d8%a7%d8%aa%d9%88%da%a9%d9%84%d8%a7%d9%88-%d8%b5%d9%86%d8%b9%d8%aa%db%8c-%d8%af%d8%b1-%d9%81%d8%b1%d8%a7%d9%88%d8%b1%db%8c-%d9%85%d9%88%d8%a7%d8%af-%d9%88-%d9%85%d8%ad%d8%b5%d9%88/
https://petrosanattaraz.com/fa/industrial-autoclave-chemical-industry,https://petrosanattaraz.com/fa/%d9%86%d9%82%d8%b4-%d8%a7%d8%aa%d9%88%da%a9%d9%84%d8%a7%d9%88-%d8%b5%d9%86%d8%b9%d8%aa%db%8c-%d8%af%d8%b1-%d8%b5%d9%86%d8%a7%db%8c%d8%b9-%d8%b4%db%8c%d9%85%db%8c%d8%a7%db%8c%db%8c/
https://petrosanattaraz.com/fa/gypsum-sulfate-industrial-autoclave,https://petrosanattaraz.com/fa/%d8%aa%d9%88%d9%84%db%8c%d8%af-%d8%b3%d9%88%d9%84%d9%81%d8%a7%d8%aa-%da%a9%d9%84%d8%b3%db%8c%d9%85-%d8%a8%d9%87-%da%a9%d9%85%da%a9-%d8%a7%d8%aa%d9%88%da%a9%d9%84%d8%a7%d9%88-%d8%b5%d9%86%d8%b9%d8%aa/
https://petrosanattaraz.com/fa/industrial-autoclave-polymer-reinforcement,https://petrosanattaraz.com/fa/%da%a9%d8%a7%d8%b1%d8%a8%d8%b1%d8%af-%d8%a7%d8%aa%d9%88%da%a9%d9%84%d8%a7%d9%88-%d8%b5%d9%86%d8%b9%d8%aa%db%8c-%d8%af%d8%b1-%d8%aa%d9%82%d9%88%db%8c%d8%aa-%d9%be%d9%84%db%8c%d9%85%d8%b1/
https://petrosanattaraz.com/fa/alpha-gypsum-autoclave-processing,https://petrosanattaraz.com/fa/%d9%81%d8%b1%d8%a7%d9%88%d8%b1%db%8c-%da%af%da%86-%d8%a2%d9%84%d9%81%d8%a7-%d8%aa%d8%ad%d8%aa-%d9%81%d8%b4%d8%a7%d8%b1-%d9%88-%d8%af%d9%85%d8%a7%db%8c-%d8%a7%d8%aa%d9%88%da%a9%d9%84%d8%a7%d9%88/
https://petrosanattaraz.com/fa/wood-strengthening-autoclave,https://petrosanattaraz.com/fa/%d8%a7%d9%81%d8%b2%d8%a7%db%8c%d8%b4-%d8%af%d9%88%d8%a7%d9%85-%d9%88-%d8%a7%d8%b3%d8%aa%d8%ad%da%a9%d8%a7%d9%85-%d8%a7%d9%84%d9%88%d8%a7%d8%b1-%d8%a8%d9%88%d8%b3%db%8c%d9%84%d9%87-%d8%a7%d8%aa%d9%88/
https://petrosanattaraz.com/fa/petrosanat-taraz-autoclave-manufacturer,https://petrosanattaraz.com/fa/%d8%b4%d8%b1%da%a9%d8%aa-%d9%be%d8%aa%d8%b1%d9%88-%d8%b5%d9%86%d8%b9%d8%aa-%d8%aa%d8%a7%d8%b1%d8%a7%d8%b2%d8%8c-%d8%b3%d8%a7%d8%b2%d9%86%d8%af%d9%87-%d8%a7%d8%aa%d9%88%da%a9%d9%84%d8%a7%d9%88-%d8%b5/
https://petrosanattaraz.com/fa/industrial-retort,https://petrosanattaraz.com/fa/%d8%b1%db%8c%d8%aa%d9%88%d8%b1%d8%aa-%d8%b5%d9%86%d8%b9%d8%aa%db%8c-%da%86%db%8c%d8%b3%d8%aa%d8%9f/
https://petrosanattaraz.com/fa/types-of-pressure-vessels,https://petrosanattaraz.com/fa/%d8%a7%d9%86%d9%88%d8%a7%d8%b9-%d9%85%d8%ae%d8%a7%d8%b2%d9%86-%d8%aa%d8%ad%d8%aa-%d9%81%d8%b4%d8%a7%d8%b1/
https://petrosanattaraz.com/fa/animal-waste-autoclave,https://petrosanattaraz.com/fa/%d8%a7%d8%aa%d9%88%da%a9%d9%84%d8%a7%d9%88-%d9%be%d8%ae%d8%aa-%d8%a7%d8%b3%d8%aa%d8%ae%d9%88%d8%a7%d9%86-%d9%88-%d8%b6%d8%a7%db%8c%d8%b9%d8%a7%d8%aa-%d8%af%d8%a7%d9%85-%d9%88-%d8%b7%db%8c%d9%88%d8%b1/
https://petrosanattaraz.com/fa/belt-curing-autoclave,https://petrosanattaraz.com/fa/%d8%a7%d8%aa%d9%88%da%a9%d9%84%d8%a7%d9%88-%d9%be%d8%ae%d8%aa-%d8%aa%d8%b3%d9%85%d9%87/
,https://petrosanattaraz.com/fa/%d8%aa%d9%88%d9%84%db%8c%d8%af-%d8%b4%db%8c%d8%b4%d9%87-%d8%b6%d8%af-%da%af%d9%84%d9%88%d9%84%d9%87-%d8%a8%d8%a7-%d8%af%d8%b3%d8%aa%da%af%d8%a7%d9%87-%d8%a7%d8%aa%d9%88%da%a9%d9%84%d8%a7%d9%88/
https://petrosanattaraz.com/fa/product/autoclave/,https://petrosanattaraz.com/fa/%D8%A7%D8%AA%D9%88%DA%A9%D9%84%D8%A7%D9%88/
https://petrosanattaraz.com/fa/product/product-type/medical-waste-autoclave,https://petrosanattaraz.com/fa/%d8%a7%d8%aa%d9%88%da%a9%d9%84%d8%a7%d9%88/%d8%a7%d8%aa%d9%88%da%a9%d9%84%d8%a7%d9%88-%d8%a7%d9%85%d8%ad%d8%a7-%d8%b2%d8%a8%d8%a7%d9%84%d9%87-%d8%a8%db%8c%d9%85%d8%a7%d8%b1%d8%b3%d8%aa%d8%a7%d9%86%db%8c/
https://petrosanattaraz.com/fa/product/product-type/aac-concrete-autoclave,https://petrosanattaraz.com/fa/%d8%a7%d8%aa%d9%88%da%a9%d9%84%d8%a7%d9%88/%d8%a7%d8%aa%d9%88%da%a9%d9%84%d8%a7%d9%88-%d8%a8%d8%aa%d9%86-%d8%b3%d8%a8%da%a9-aac/
https://petrosanattaraz.com/fa/product/product-type/rubber-curing-autoclave,https://petrosanattaraz.com/fa/%d8%a7%d8%aa%d9%88%da%a9%d9%84%d8%a7%d9%88/%d8%a7%d8%aa%d9%88%da%a9%d9%84%d8%a7%d9%88-%d9%be%d8%ae%d8%aa-%d9%84%d8%a7%d8%b3%d8%aa%db%8c%da%a9/
https://petrosanattaraz.com/fa/product/product-type/tile-ceramic-testing-autoclave,https://petrosanattaraz.com/fa/%d8%a7%d8%aa%d9%88%da%a9%d9%84%d8%a7%d9%88/%d8%a7%d8%aa%d9%88%da%a9%d9%84%d8%a7%d9%88-%d8%aa%d8%b3%d8%aa-%da%a9%d8%a7%d8%b4%db%8c-%d9%88-%d8%b3%d8%b1%d8%a7%d9%85%db%8c%da%a9/
https://petrosanattaraz.com/fa/product/product-type/wood-autoclave/,https://petrosanattaraz.com/fa/%d8%a7%d8%aa%d9%88%da%a9%d9%84%d8%a7%d9%88/%d8%a7%d8%aa%d9%88%da%a9%d9%84%d8%a7%d9%88-%da%86%d9%88%d8%a8/
https://petrosanattaraz.com/fa/product/product-type/precision-casting-autoclave,https://petrosanattaraz.com/fa/%d8%a7%d8%aa%d9%88%da%a9%d9%84%d8%a7%d9%88/%d8%a7%d8%aa%d9%88%da%a9%d9%84%d8%a7%d9%88-%d8%b1%db%8c%d8%ae%d8%aa%d9%87-%da%af%d8%b1%db%8c-%d8%af%d9%82%db%8c%d9%82/
https://petrosanattaraz.com/fa/product/product-type/food-industry-autoclave,https://petrosanattaraz.com/fa/%d8%a7%d8%aa%d9%88%da%a9%d9%84%d8%a7%d9%88/%d8%a7%d8%aa%d9%88%da%a9%d9%84%d8%a7%d9%88-%d8%b5%d9%86%d8%a7%db%8c%d8%b9-%d8%ba%d8%b0%d8%a7%db%8c%db%8c/
https://petrosanattaraz.com/fa/product/product-type/laminated-glass-industry-autoclave,https://petrosanattaraz.com/fa/%d8%a7%d8%aa%d9%88%da%a9%d9%84%d8%a7%d9%88/%d8%a7%d8%aa%d9%88%da%a9%d9%84%d8%a7%d9%88-%d8%b5%d9%86%d8%b9%d8%aa%db%8c-%d8%b4%db%8c%d8%b4%d9%87-%d9%84%d9%85%db%8c%d9%86%d8%aa/
https://petrosanattaraz.com/fa/product/product-type/composite-autoclave,https://petrosanattaraz.com/fa/%d8%a7%d8%aa%d9%88%da%a9%d9%84%d8%a7%d9%88/%d8%a7%d8%aa%d9%88%da%a9%d9%84%d8%a7%d9%88-%da%a9%d8%a7%d9%85%d9%be%d9%88%d8%b2%db%8c%d8%aa/
https://petrosanattaraz.com/fa/product/product-type/alpha-gypsum-autoclave,https://petrosanattaraz.com/fa/%d8%a7%d8%aa%d9%88%da%a9%d9%84%d8%a7%d9%88/%d8%a7%d8%aa%d9%88%da%a9%d9%84%d8%a7%d9%88-%da%af%da%86-%d8%a2%d9%84%d9%81%d8%a7/
https://petrosanattaraz.com/fa/product/product-type/graphite-autoclave,https://petrosanattaraz.com/fa/%d8%a7%d8%aa%d9%88%da%a9%d9%84%d8%a7%d9%88/%d8%a7%d8%aa%d9%88%da%a9%d9%84%d8%a7%d9%88-%da%af%d8%b1%d8%a7%d9%81%db%8c%d8%aa/
https://petrosanattaraz.com/fa/product/product-type/textile-autoclave,https://petrosanattaraz.com/fa/%d8%a7%d8%aa%d9%88%da%a9%d9%84%d8%a7%d9%88/%d8%a7%d8%aa%d9%88%da%a9%d9%84%d8%a7%d9%88-%d9%86%d8%b3%d8%a7%d8%ac%db%8c/
https://petrosanattaraz.com/fa/product/product-type/hydrothermal-autoclave,https://petrosanattaraz.com/fa/%d8%a7%d8%aa%d9%88%da%a9%d9%84%d8%a7%d9%88/%d8%a7%d8%aa%d9%88%da%a9%d9%84%d8%a7%d9%88-%d9%87%db%8c%d8%af%d8%b1%d9%88%d8%aa%d8%b1%d9%85%d8%a7%d9%84/
https://petrosanattaraz.com/fa/product/product-type/sterilization-autoclave,https://petrosanattaraz.com/fa/%d8%a7%d8%aa%d9%88%da%a9%d9%84%d8%a7%d9%88/%d8%a7%d8%aa%d9%88%da%a9%d9%84%d8%a7%d9%88-%d8%a7%d8%b3%d8%aa%d8%b1%db%8c%d9%84%db%8c%d8%b2%d8%a7%d8%b3%db%8c%d9%88%d9%86/
https://petrosanattaraz.com/fa/product/chemical-reactors,https://petrosanattaraz.com/fa/%d8%b1%d8%a7%da%a9%d8%aa%d9%88%d8%b1/
https://petrosanattaraz.com/fa/product/chemical-reactors,https://petrosanattaraz.com/fa/reactor/
https://petrosanattaraz.com/fa/product/pressure-vessels,https://petrosanattaraz.com/fa/%d9%85%d8%ae%d8%a7%d8%b2%d9%86-%d8%aa%d8%ad%d8%aa-%d9%81%d8%b4%d8%a7%d8%b1/
https://petrosanattaraz.com/fa/product/heat-exchangers,https://petrosanattaraz.com/fa/%d9%85%d8%a8%d8%af%d9%84%d9%87%d8%a7%db%8c-%d8%ad%d8%b1%d8%a7%d8%b1%d8%aa%db%8c/
https://petrosanattaraz.com/fa/product/fermenters/,https://petrosanattaraz.com/fa/%d9%81%d8%b1%d9%85%d8%a7%d9%86%d8%aa%d9%88%d8%b1/
https://petrosanattaraz.com/fa/product/magnetic-couplings/,https://petrosanattaraz.com/fa/%da%a9%d9%88%d9%be%d9%84%db%8c%d9%86%da%af-%d9%85%d8%ba%d9%86%d8%a7%d8%b7%db%8c%d8%b3%db%8c/
,
https://petrosanattaraz.com/fa/product/autoclave/,https://petrosanattaraz.com/%D8%A7%D8%AA%D9%88%DA%A9%D9%84%D8%A7%D9%88/
https://petrosanattaraz.com/fa/product/chemical-reactors/,https://petrosanattaraz.com/%d8%b1%d8%a7%da%a9%d8%aa%d9%88%d8%b1/
https://petrosanattaraz.com/fa/product/pressure-vessels/,https://petrosanattaraz.com/%d9%85%d8%ae%d8%a7%d8%b2%d9%86-%d8%aa%d8%ad%d8%aa-%d9%81%d8%b4%d8%a7%d8%b1/
https://petrosanattaraz.com/fa/product/heat-exchangers/,https://petrosanattaraz.com/%d9%85%d8%a8%d8%af%d9%84%e2%80%8c%d9%87%d8%a7%db%8c-%d8%ad%d8%b1%d8%a7%d8%b1%d8%aa%db%8c/
https://petrosanattaraz.com/fa/product/fermenters/,https://petrosanattaraz.com/%d9%81%d8%b1%d9%85%d8%a7%d9%86%d8%aa%d9%88%d8%b1/
https://petrosanattaraz.com/fa/project/phase-22-23-24-structure/,https://petrosanattaraz.com/portfolio/%d8%a7%d8%b3%d8%aa%d8%b1%d8%a7%da%a9%da%86%d8%b1-%d9%81%d8%a7%d8%b2-22-%d9%88-23-%d9%88-24/
https://petrosanattaraz.com/fa/project/air-intake-power-plant/,https://petrosanattaraz.com/portfolio/%d9%be%d8%b1%d9%88%da%98%d9%87-%d8%b3%d8%a7%d8%ae%d8%aa-%d9%82%d8%b7%d8%b9%d8%a7%d8%aa-%d9%86%db%8c%d8%b1%d9%88%da%af%d8%a7%d9%87%db%8c-air-in-take/
https://petrosanattaraz.com/fa/project/power-plant-exhaust/,https://petrosanattaraz.com/portfolio/%d9%be%d8%b1%d9%88%da%98%d9%87-%d8%b3%d8%a7%d8%ae%d8%aa-%d9%88-%d9%be%d9%88%d8%b4%d8%b4-%d8%a7%da%af%d8%b2%d9%88%d8%b2%d9%87%d8%a7%db%8c-%d9%86%db%8c%d8%b1%d9%88%da%af%d8%a7%d9%87%db%8c/
https://petrosanattaraz.com/fa/project/sadr-overpass-bridge/,https://petrosanattaraz.com/portfolio/%d9%be%d9%84-%d8%b7%d8%a8%d9%82%d8%a7%d8%aa%db%8c-%d8%b5%d8%af%d8%b1/
https://petrosanattaraz.com/fa/project/tabas-coking-handrail-platform/,https://petrosanattaraz.com/portfolio/%d9%87%d9%86%d8%af%d8%b1%db%8c%d9%84-%d9%88-%d9%be%d9%84%d8%aa-%d9%81%d8%b1%d9%85-%da%a9%da%a9-%d8%b3%d8%a7%d8%b2%db%8c-%d8%b7%d8%a8%d8%b3/
https://petrosanattaraz.com/fa/project/shell-tube-heat-exchanger/,https://petrosanattaraz.com/portfolio/%d9%85%d8%a8%d8%af%d9%84-%d8%ad%d8%b1%d8%a7%d8%b1%d8%aa%db%8c-%d9%be%d9%88%d8%b3%d8%aa%d9%87-%d9%88-%d9%84%d9%88%d9%84%d9%87-2/
https://petrosanattaraz.com/fa/project/laboratory-reactors-project/,https://petrosanattaraz.com/portfolio/%d8%a7%d9%86%d9%88%d8%a7%d8%b9-%d8%b1%d8%a7%da%a9%d8%aa%d9%88%d8%b1-%d8%a2%d8%b2%d9%85%d8%a7%db%8c%d8%b4%da%af%d8%a7%d9%87%db%8c-2/
https://petrosanattaraz.com/fa/project/pilot-reactors-types/,https://petrosanattaraz.com/portfolio/%d8%a7%d9%86%d9%88%d8%a7%d8%b9-%d8%b1%d8%a7%da%a9%d8%aa%d9%88%d8%b1-%d9%be%d8%a7%db%8c%d9%84%d9%88%d8%aa/
https://petrosanattaraz.com/fa/project/industrial-reactor-project/,https://petrosanattaraz.com/portfolio/%d8%a7%d9%86%d9%88%d8%a7%d8%b9-%d8%b1%d8%a7%da%a9%d8%aa%d9%88%d8%b1-%d8%b5%d9%86%d8%b9%d8%aa%db%8c/
https://petrosanattaraz.com/fa/project/industrial-fermentor-project/,https://petrosanattaraz.com/portfolio/%d8%a7%d9%86%d9%88%d8%a7%d8%b9-%d9%81%d8%b1%d9%85%d8%a7%d9%86%d8%aa%d9%88%d8%b1/
https://petrosanattaraz.com/fa/project/magnetic-coupling-project/,https://petrosanattaraz.com/portfolio/%d8%a7%d9%86%d9%88%d8%a7%d8%b9-%da%a9%d9%88%d9%be%d9%84%db%8c%d9%86%da%af-%d9%85%d8%ba%d9%86%d8%a7%d8%b7%db%8c%d8%b3%db%8c/
https://petrosanattaraz.com/fa/project/pressure-vessel-project/,https://petrosanattaraz.com/portfolio/%d8%a7%d9%86%d9%88%d8%a7%d8%b9-%d9%85%d8%ae%d8%a7%d8%b2%d9%86-%d8%aa%d8%ad%d8%aa-%d9%81%d8%b4%d8%a7%d8%b1/
https://petrosanattaraz.com/fa/project/industrial-vaporizer-project/,https://petrosanattaraz.com/portfolio/%d8%a7%d9%86%d9%88%d8%a7%d8%b9-%d9%88%d9%be%d9%88%d8%b1%d8%a7%db%8c%d8%b2%d8%b1%d9%87%d8%a7%db%8c-%d8%b5%d9%86%d8%b9%d8%aa%db%8c/
https://petrosanattaraz.com/fa/project/pressure-storage-vessel-project/,https://petrosanattaraz.com/portfolio/%d9%85%d8%ae%d8%a7%d8%b2%d9%86-%d8%b0%d8%ae%db%8c%d8%b1%d9%87-%d8%aa%d8%ad%d8%aa-%d9%81%d8%b4%d8%a7%d8%b1/
https://petrosanattaraz.com/fa/project/autoclave-design-and-fiber-stabilization-project/,https://petrosanattaraz.com/portfolio/%d8%b7%d8%b1%d8%a7%d8%ad%db%8c-%d9%88-%d8%b3%d8%a7%d8%ae%d8%aa-%d8%a7%d8%aa%d9%88%da%a9%d9%84%d8%a7%d9%88-%d8%aa%d8%ab%d8%a8%db%8c%d8%aa-%d9%86%d8%ae-%d8%b4%d8%b1%da%a9%d8%aa-%da%af%d8%b3%d8%aa%d8%b1/
https://petrosanattaraz.com/fa/project/autoclave-and-graphite-electrode-project/,https://petrosanattaraz.com/portfolio/%d8%b7%d8%b1%d8%a7%d8%ad%db%8c-%d9%88-%d8%b3%d8%a7%d8%ae%d8%aa-%d8%a7%d8%aa%d9%88%da%a9%d9%84%d8%a7%d9%88-%d8%a7%d9%84%da%a9%d8%aa%d8%b1%d9%88%d8%af-%d9%87%d8%a7%db%8c-%da%af%d8%b1%d8%a7%d9%81%db%8c/
https://petrosanattaraz.com/fa/project/laminated-glass-autoclave-project/,https://petrosanattaraz.com/portfolio/%d8%a7%d8%aa%d9%88%da%a9%d9%84%d8%a7%d9%88-%d8%b4%db%8c%d8%b4%d9%87-%d9%84%d9%85%db%8c%d9%86%d8%aa/
https://petrosanattaraz.com/fa/project/semi-industrial-autoclave-composite-parts-project/,https://petrosanattaraz.com/portfolio/%d8%a7%d8%aa%d9%88%da%a9%d9%84%d8%a7%d9%88-%d9%86%db%8c%d9%85%d9%87-%d8%b5%d9%86%d8%b9%d8%aa%db%8c-%d8%aa%d9%88%d9%84%db%8c%d8%af-%d9%82%d8%b7%d8%b9%d8%a7%d8%aa-%da%a9%d8%a7%d9%85%d9%be%d9%88%d8%b2/
https://petrosanattaraz.com/fa/project/rubber-curing-autoclave-project/,https://petrosanattaraz.com/portfolio/%d8%a7%d8%aa%d9%88%da%a9%d9%84%d8%a7%d9%88-%d9%be%d8%ae%d8%aa-%d9%84%d8%a7%d8%b3%d8%aa%db%8c%da%a9/
https://petrosanattaraz.com/fa/project/reactor-paint-industry-project/,https://petrosanattaraz.com/portfolio/%d8%b1%d8%a7%da%a9%d8%aa%d9%88%d8%b1-%d9%85%d9%88%d8%b1%d8%af-%d8%a7%d8%b3%d8%aa%d9%81%d8%a7%d8%af%d9%87-%d8%af%d8%b1-%d8%b5%d9%86%d8%a7%db%8c%d8%b9-%d8%b1%d9%86%da%af-%d8%b3%d8%a7%d8%b2%db%8c/